-7.976996222996673991e-02,-3.340606585234950909e-02,2.018893209759330121e-02,-2.701128170707532347e-02,1.238148506188109510e-01,-1.209555288635467685e-01,1.512409798652949999e-01,8.896303009053421751e-02,1.980360426525980613e-02,-1.105344180848169128e-01,-4.519538341996300751e-02,1.059750421746411854e-02,-7.327756026669102196e-02,9.237596334336814485e-02,-1.717720567657696207e-02,9.448676882255389875e-02
-1.032799075980365966e-01,-5.568123151572091506e-02,4.167174006092414645e-02,-6.648199389292475114e-02,1.631252604705427101e-01,-2.688587551804861864e-01,1.344799819499423454e-01,8.002889661484791084e-02,-4.216327706624570237e-02,-1.726878496489048787e-01,-1.851438507855715787e-01,-3.600772231546768565e-02,-2.189906399041408602e-01,1.050441015547355222e-01,-2.807375806287834910e-02,1.969877284990352584e-01
1.032799075980364578e-01,5.568123151572080404e-02,-4.167174006092420196e-02,6.648199389292486217e-02,-1.631252604705425158e-01,2.688587551804860754e-01,-1.344799819499422067e-01,-8.002889661484771655e-02,4.216327706624578564e-02,1.726878496489047676e-01,1.851438507855716065e-01,3.600772231546775504e-02,2.189906399041408880e-01,-1.050441015547353973e-01,2.807375806287836645e-02,-1.969877284990353972e-01
-4.010668819706832144e-02,-1.867875029263286329e-02,4.049688997893946540e-02,-4.043937608267903633e-02,5.475672424624575957e-02,-1.380369837794879762e-01,-3.627012811077699739e-02,-3.154629341146905630e-02,-6.927916626005929668e-02,-7.920857386024100777e-02,-1.327546091023388275e-01,-5.778129786365530929e-02,-1.470138742466067239e-01,3.812400908746647887e-03,-1.364508069576063180e-02,8.806627532809833958e-02
-1.552549219065671102e-02,-1.353296553127541872e-02,-5.946410644541245960e-03,-8.357984637805428857e-03,3.097407394326096713e-02,-4.689600464614979147e-02,6.341974675204777034e-02,4.472911665403295906e-02,1.147605804078901184e-02,-2.547471116417046599e-02,-1.986103331550082701e-02,1.098321562630370958e-02,-2.355865701612575025e-02,3.669581264953624550e-02,-3.893383019219522501e-03,4.111871250644003745e-02
-1.552549219065649938e-02,-1.353296553127542393e-02,-5.946410644541298002e-03,-8.357984637805460082e-03,3.097407394326086305e-02,-4.689600464614990943e-02,6.341974675204772871e-02,4.472911665403295906e-02,1.147605804078908470e-02,-2.547471116417044518e-02,-1.986103331550090334e-02,1.098321562630367836e-02,-2.355865701612592719e-02,3.669581264953633570e-02,-3.893383019219606202e-03,4.111871250643984316e-02
-1.552549219065653754e-02,-1.353296553127528688e-02,-5.946410644541183510e-03,-8.357984637805402836e-03,3.097407394326079019e-02,-4.689600464614963882e-02,6.341974675204767320e-02,4.472911665403262599e-02,1.147605804078912807e-02,-2.547471116417029946e-02,-1.986103331550087212e-02,1.098321562630362458e-02,-2.355865701612578494e-02,3.669581264953625244e-02,-3.893383019219481302e-03,4.111871250643990561e-02
-4.349854150306226019e-02,-2.436861953449692350e-02,2.367740222623974933e-03,-1.744246719823288466e-02,7.353288368240711026e-02,-8.639232738921087673e-02,1.122076458575275437e-01,7.249911335622967468e-02,1.746790238516299221e-02,-6.374077905045513748e-02,-3.432667293354965676e-02,1.358437775456507526e-02,-4.809290998911930348e-02,6.674982232210749378e-02,-9.848162270533401819e-03,7.141141175159251842e-02
-2.797304931240572612e-02,-1.083565400322160366e-02,8.314150867164988440e-03,-9.084482560427660502e-03,4.255880973914648313e-02,-3.949632274306147384e-02,4.878789910547988440e-02,2.776999670219694460e-02,5.991844344373819034e-03,-3.826606788628492128e-02,-1.446563961804879506e-02,2.601162128261311907e-03,-2.453425297299363650e-02,3.005400967257119971e-02,-5.954779251313980365e-03,3.029269924515262669e-02
-2.797304931240572612e-02,-1.083565400322164356e-02,8.314150867165115075e-03,-9.084482560427764586e-03,4.255880973914639986e-02,-3.949632274306157098e-02,4.878789910547987052e-02,2.776999670219697930e-02,5.991844344373874545e-03,-3.826606788628487965e-02,-1.446563961804874648e-02,2.601162128261338795e-03,-2.453425297299373364e-02,3.005400967257114767e-02,-5.954779251313922252e-03,3.029269924515263362e-02
-3.627142072690469482e-02,-9.037446317852618552e-03,1.782119187496935403e-02,-9.568814508842504729e-03,5.028196693640379911e-02,-3.456320147433603052e-02,3.903333400776748396e-02,1.646391673430466773e-02,2.335701880096699434e-03,-4.679363903436188632e-02,-1.086871048641362136e-02,-2.986873537100972337e-03,-2.518465027757207930e-02,2.562614102126075863e-02,-7.329043406043600148e-03,2.307535707096160932e-02
-7.976996222996669827e-02,-3.340606585234945358e-02,2.018893209759330468e-02,-2.701128170707533388e-02,1.238148506188108677e-01,-1.209555288635467130e-01,1.512409798652948889e-01,8.896303009053421751e-02,1.980360426525981654e-02,-1.105344180848169267e-01,-4.519538341996295894e-02,1.059750421746412374e-02,-7.327756026669096645e-02,9.237596334336810322e-02,-1.717720567657696207e-02,9.448676882255380161e-02
-2.797304931240584755e-02,-1.083565400322163662e-02,8.314150867165182729e-03,-9.084482560427677850e-03,4.255880973914646925e-02,-3.949632274306155710e-02,4.878789910548004399e-02,2.776999670219698277e-02,5.991844344374113937e-03,-3.826606788628504618e-02,-1.446563961804877077e-02,2.601162128261321881e-03,-2.453425297299360180e-02,3.005400967257112685e-02,-5.954779251313976028e-03,3.029269924515251566e-02
1.180991545132522025e-01,3.101360970402668171e-02,-7.922910480859350624e-04,-3.704042747071817354e-02,-1.479138816616610841e-01,-8.732875029240948217e-02,-1.039444033155886571e-01,-7.030977697799865866e-02,-4.862286204511272886e-02,6.788662348202068042e-02,-8.228343644135187318e-02,-2.853798183387294685e-02,-9.876252895686789268e-02,-6.412191491992103032e-02,2.003952851896378604e-02,-1.182462507072382096e-02
-1.180991545132522441e-01,-3.101360970402669559e-02,7.922910480857876109e-04,3.704042747071815272e-02,1.479138816616610841e-01,8.732875029240924625e-02,1.039444033155886293e-01,7.030977697799882520e-02,4.862286204511276355e-02,-6.788662348202065266e-02,8.228343644135192869e-02,2.853798183387303705e-02,9.876252895686774003e-02,6.412191491992100256e-02,-2.003952851896379991e-02,1.182462507072395974e-02
-1.429942687567505866e-01,-2.561898664791940894e-02,2.931341407149821304e-02,3.558743162547368249e-02,1.710833532534322687e-01,1.021281140985857011e-01,7.468070802245341255e-02,3.639153707432708079e-02,3.765443465228281161e-02,-9.346933692625045142e-02,9.307422383625679752e-02,1.177387483778855395e-02,9.681133704313171773e-02,5.083830896599075139e-02,-2.416232098315279977e-02,-9.827401451850591163e-03
-8.436167963102575440e-02,-3.984645121106386578e-02,-1.362453728344388201e-02,3.248078454890633571e-02,6.779575344784012636e-02,7.017515428015323742e-02,-4.732604595260203606e-02,-1.415055426332736607e-02,-6.222828404936880942e-02,-2.355083913684316577e-03,-3.030173263150895413e-02,-1.081472339707161175e-02,4.497746906705224479e-02,-9.300874892947959272e-03,7.535958317891540414e-02,3.912602533267735966e-02
-8.436167963102549072e-02,-3.984645121106372700e-02,-1.362453728344381609e-02,3.248078454890641897e-02,6.779575344784008473e-02,7.017515428015323742e-02,-4.732604595260196667e-02,-1.415055426332723770e-02,-6.222828404936874697e-02,-2.355083913684366884e-03,-3.030173263150876678e-02,-1.081472339707168807e-02,4.497746906705227254e-02,-9.300874892948087641e-03,7.535958317891555680e-02,3.912602533267736660e-02
-8.436167963102533807e-02,-3.984645121106365068e-02,-1.362453728344379181e-02,3.248078454890631489e-02,6.779575344783997370e-02,7.017515428015320966e-02,-4.732604595260175157e-02,-1.415055426332719260e-02,-6.222828404936845553e-02,-2.355083913684543825e-03,-3.030173263150881188e-02,-1.081472339707172277e-02,4.497746906705236969e-02,-9.300874892948063355e-03,7.535958317891536251e-02,3.912602533267733190e-02
-8.436167963102536582e-02,-3.984645121106375476e-02,-1.362453728344395487e-02,3.248078454890632183e-02,6.779575344783984880e-02,7.017515428015315415e-02,-4.732604595260182095e-02,-1.415055426332742158e-02,-6.222828404936843472e-02,-2.355083913684545560e-03,-3.030173263150870433e-02,-1.081472339707169501e-02,4.497746906705230030e-02,-9.300874892948229888e-03,7.535958317891539027e-02,3.912602533267746374e-02
1.444368544552661060e-01,8.608144777398667180e-02,7.896972143038556713e-02,-5.850910837014906135e-03,4.484019573058255041e-03,-1.733362936803936327e-01,1.065466932501557135e-01,-1.583323547633239403e-01,2.402868525115623224e-02,1.384055200924443341e-01,9.555645022144698686e-02,-9.946076225843970137e-03,7.270922343395883058e-02,1.669571018204168700e-01,-8.155248131858003346e-02,2.267304849861774552e-02
-1.169571933529416213e-01,-8.270752120256311124e-02,-7.942133421928801451e-02,7.286368666282823370e-02,1.069170251095974550e-01,1.249816043404200216e-01,-7.269181069177699239e-02,2.643744562155455821e-02,-8.544268651084063748e-02,3.021135146793313755e-02,-7.508394009230537347e-02,-1.329858819798184627e-02,8.918336390441194972e-02,-5.776924890698587056e-04,6.468468545767319666e-02,1.212099799825403085e-01
4.348509685944058900e-03,-1.758373742034283205e-02,-3.936184082625502484e-02,1.434890927673413731e-02,-1.118697641052560088e-03,9.224761027425936247e-03,9.428114432746392132e-03,3.425714656942735470e-02,-1.035206302650358220e-03,2.648935889868037075e-02,-2.152177256159662488e-02,9.416777119526023934e-03,1.592769333751473809e-02,1.102548666202741480e-02,-1.038814956742757385e-03,4.059311220263905201e-02
4.348509685943961756e-03,-1.758373742034273490e-02,-3.936184082625508035e-02,1.434890927673391006e-02,-1.118697641052435188e-03,9.224761027425976145e-03,9.428114432746464990e-03,3.425714656942726449e-02,-1.035206302650327212e-03,2.648935889868024585e-02,-2.152177256159666652e-02,9.416777119525956280e-03,1.592769333751475891e-02,1.102548666202757266e-02,-1.038814956742782104e-03,4.059311220263904507e-02
1.173191609633017635e-01,-7.686881909370171795e-02,-2.133121993766270430e-01,4.260390646991793484e-02,-1.491210573136638462e-01,-3.141084371414308574e-02,-4.007230263940005088e-02,1.144127881940308206e-01,-8.287955405608062043e-02,2.174839710230292988e-01,-2.077243843765505527e-01,3.639592928320745796e-02,-4.736027883518951001e-04,-2.709446290650525252e-03,1.039639121428534568e-01,2.104281453504976418e-01
1.007224181343038399e-01,-7.327240372296328630e-02,-1.942981173610195400e-01,4.163524257308892640e-02,-1.336747429191485481e-01,-2.154460117669206032e-02,-5.958143283482428276e-02,9.180062825824714112e-02,-9.019183898463425941e-02,2.004288287268758684e-01,-2.005305261132788175e-01,2.521985795248381582e-02,-1.774397397509607302e-03,-1.156518359327087658e-02,1.012153838333940958e-01,1.959934610021155654e-01
2.206067400597263861e-01,-1.812662430681567238e-01,3.060633379202305493e-01,3.416119592207204625e-01,-2.478762429474656026e-01,2.667332299055236167e-01,1.340744810742958426e-01,1.488871699681358352e-01,-5.764850098258265942e-02,2.489287810345428009e-02,-1.144924657524583889e-01,4.599432230689075307e-02,-6.649122521882819270e-02,1.638134345831796512e-01,4.196985417351820069e-02,2.303701493533214240e-01
8.436167963102550460e-02,3.984645121106375476e-02,1.362453728344399997e-02,-3.248078454890621775e-02,-6.779575344784000146e-02,-7.017515428015332069e-02,4.732604595260206382e-02,1.415055426332724464e-02,6.222828404936885105e-02,2.355083913684370353e-03,3.030173263150881188e-02,1.081472339707164297e-02,-4.497746906705217540e-02,9.300874892947924577e-03,-7.535958317891537639e-02,-3.912602533267753313e-02
4.149185707249564148e-03,-8.991038426846391374e-04,-4.753520503901749981e-03,2.421659742072729271e-04,-3.861578598628900849e-03,-2.466560634362707782e-03,4.877282548856141237e-03,5.653039983945883432e-03,1.828071232138388496e-03,4.263785574038735787e-03,-1.798464565817630215e-03,2.794017832681168143e-03,3.251986522894365073e-04,2.213934325655000229e-03,6.871320773647604518e-04,3.608671087095692565e-03
-4.149185707249324756e-03,8.991038426846749160e-04,4.753520503901730032e-03,-2.421659742074411953e-04,3.861578598628800235e-03,2.466560634362648802e-03,-4.877282548856137767e-03,-5.653039983945870421e-03,-1.828071232138471979e-03,-4.263785574038843340e-03,1.798464565817821034e-03,-2.794017832681122606e-03,-3.251986522895663947e-04,-2.213934325655140742e-03,-6.871320773647671739e-04,-3.608671087095635752e-03
-4.149185707249201591e-03,8.991038426845940346e-04,4.753520503901799421e-03,-2.421659742074169092e-04,3.861578598628781153e-03,2.466560634362662680e-03,-4.877282548856033684e-03,-5.653039983945892105e-03,-1.828071232138560667e-03,-4.263785574038836401e-03,1.798464565818013589e-03,-2.794017832681098754e-03,-3.251986522895551190e-04,-2.213934325654885737e-03,-6.871320773647274921e-04,-3.608671087095838281e-03
-4.292042357268067987e-02,-3.973575144055147002e-02,-9.263361610041370708e-02,-1.652887825893605001e-02,-7.555438753545613839e-02,1.307816709569149527e-01,1.090927075311392547e-01,2.761894091285957975e-01,1.369503011389150426e-01,-1.214892868234244416e-01,4.390420374554207528e-02,9.947380511769433886e-02,-3.274222966730148954e-02,-9.246068622220526834e-02,1.515142398582358489e-02,-9.739502308786625318e-02
-3.952857026668665785e-02,-3.404588219868755206e-02,-5.450446634409842478e-02,-3.952578714338214616e-02,-9.433054697161756541e-02,7.913701456663763123e-02,-3.938506643716553624e-02,1.721440023608970249e-01,5.020323249369292029e-02,-1.369570816332101315e-01,-5.452373242324735914e-02,2.810812949947364900e-02,-1.316631939247890071e-01,-1.553981076355658020e-01,1.135450556059638093e-02,-8.074015951136050140e-02
5.406765149097137596e-02,-3.100639030173544392e-02,-7.963920297522142366e-02,2.789925188307421783e-02,-3.995915899355426126e-02,1.724168822639665644e-02,-4.643451089786025665e-03,-1.091466799193470116e-01,2.023740970693916896e-01,-1.126209831267880740e-01,-2.839952386206635593e-01,-2.596750538176992862e-01,8.809084290310520426e-02,1.348529674559746927e-01,8.006589144462494811e-02,-1.370753505448950305e-01
4.652661247772778980e-02,-3.579715570091474702e-02,-1.130148322276347400e-01,5.065399479331283983e-02,-1.732142095876416238e-02,7.135290525103651915e-02,1.389570403296628287e-01,-1.075431313559357602e-02,2.872930944824755306e-01,-1.014169738910404295e-01,-1.837688378860567462e-01,-1.911033960321595337e-01,1.866866085083034865e-01,1.955764545436803614e-01,8.317567779248730142e-02,-1.573388852084965650e-01
4.991846578372199916e-02,-3.010728645905044049e-02,-7.488568247131902056e-02,2.765708590886695531e-02,-3.609758039492574899e-02,1.970824886075988464e-02,-9.520733638641691587e-03,-1.147997199032921994e-01,2.005460258372532556e-01,-1.168847687008261194e-01,-2.821967740548461112e-01,-2.624690716503798593e-01,8.776564425081592735e-02,1.326390331303192449e-01,7.937875936726015991e-02,-1.406840216319905357e-01
-1.387277496807744481e-01,1.604548978626027245e-01,1.778267134039864805e-01,-1.162894046671924253e-01,-4.386471778234770497e-02,2.976138461839596475e-02,-8.171289808331258508e-02,1.587372321145358312e-01,8.859095614811131336e-02,1.351629612226090127e-01,-3.949425257650180932e-01,-1.611527053062439263e-01,1.394674337309707579e-01,2.204791854175829902e-01,-1.544036513775062444e-02,-2.365039875822068927e-01
1.886462154644966138e-01,-1.905621843216532552e-01,-2.527123958753056399e-01,1.439464905760594882e-01,7.767137387422125977e-03,-1.005313575763604715e-02,7.219216444467096983e-02,-2.735369520178281277e-01,1.119550696891421088e-01,-2.520477299234352153e-01,1.127457517101721901e-01,-1.013163663441358775e-01,-5.170178948015478892e-02,-8.784015228726378688e-02,9.481912450501089884e-02,9.581996595021663454e-02
1.886462154644967526e-01,-1.905621843216530609e-01,-2.527123958753054733e-01,1.439464905760595159e-01,7.767137387422122508e-03,-1.005313575763594480e-02,7.219216444467087268e-02,-2.735369520178277392e-01,1.119550696891418867e-01,-2.520477299234348822e-01,1.127457517101722595e-01,-1.013163663441357526e-01,-5.170178948015460851e-02,-8.784015228726391178e-02,9.481912450501089884e-02,9.581996595021669005e-02
1.043308517349096770e-01,1.879582462219087369e-01,5.703038338048320444e-02,3.681529020255043250e-01,-1.076727412494527664e-03,-3.194482504586090288e-01,2.133010008145552749e-01,9.512120845267846292e-02,1.007951553395872724e-01,5.685325928940100637e-02,-1.723721254222635724e-01,1.468412674343241020e-01,1.342768226036687162e-01,-3.257278015235003932e-01,4.727499686877195684e-02,-6.823658353075320870e-02
2.955200701154194753e-01,2.141609875234568028e-01,-1.823627901435586132e-02,-9.750213276132912998e-02,-5.975909717908018531e-02,-5.650061785949922477e-02,2.131124700610204370e-01,1.134962517991612713e-01,6.715608483779474114e-02,1.670019265468558611e-02,-3.456198820614718448e-02,1.789158350161681316e-02,-1.677997067391300348e-02,-6.026376570033676466e-02,-2.611648587053043077e-02,5.669747139391140278e-02
6.183913765135527763e-02,1.988270951504857165e-02,-2.086166913823496449e-03,-2.458099699194405546e-02,-6.340944089458201705e-02,-6.038105283901670783e-02,6.405757446505885855e-02,2.758738658822179959e-02,3.314762355165253027e-02,1.950563696129184454e-02,1.246964750429362112e-02,2.866474891652296200e-02,-2.632700958610910413e-02,1.558591021207965388e-02,1.375887522868817631e-02,-1.983881592465142063e-02
-6.183913765135518048e-02,-1.988270951504856471e-02,2.086166913823503388e-03,2.458099699194406240e-02,6.340944089458201705e-02,6.038105283901694376e-02,-6.405757446505883079e-02,-2.758738658822190021e-02,-3.314762355165256497e-02,-1.950563696129205965e-02,-1.246964750429355520e-02,-2.866474891652304180e-02,2.632700958610920822e-02,-1.558591021207974062e-02,-1.375887522868817631e-02,1.983881592465154206e-02
6.183913765135522211e-02,1.988270951504847797e-02,-2.086166913823420122e-03,-2.458099699194429832e-02,-6.340944089458185051e-02,-6.038105283901740866e-02,6.405757446505899733e-02,2.758738658822174755e-02,3.314762355165268293e-02,1.950563696129194863e-02,1.246964750429351357e-02,2.866474891652287180e-02,-2.632700958610946496e-02,1.558591021207990368e-02,1.375887522868814161e-02,-1.983881592465134777e-02
-4.367775597393551423e-02,-3.314677835600252087e-02,-4.975094584019605637e-02,-3.976795311758907908e-02,-9.046896837298891436e-02,8.160357520100111617e-02,-4.426234898602122991e-02,1.664909623769517677e-01,4.837516126155413931e-02,-1.412208672072478577e-01,-5.272526785742938371e-02,2.531411166679330485e-02,-1.319883925770782285e-01,-1.576120419612215551e-01,1.066737348323171936e-02,-8.434883059845529885e-02
4.367775597393556974e-02,3.314677835600265965e-02,4.975094584019610494e-02,3.976795311758882234e-02,9.046896837298885885e-02,-8.160357520100115780e-02,4.426234898602113971e-02,-1.664909623769516012e-01,-4.837516126155401441e-02,1.412208672072478022e-01,5.272526785742913391e-02,-2.531411166679336383e-02,1.319883925770781452e-01,1.576120419612215273e-01,-1.066737348323170548e-02,8.434883059845527109e-02
4.367775597393561832e-02,3.314677835600270128e-02,4.975094584019625066e-02,3.976795311758889867e-02,9.046896837298894212e-02,-8.160357520100121331e-02,4.426234898602118828e-02,-1.664909623769514901e-01,-4.837516126155417401e-02,1.412208672072478022e-01,5.272526785742930738e-02,-2.531411166679321118e-02,1.319883925770780342e-01,1.576120419612216106e-01,-1.066737348323174711e-02,8.434883059845532660e-02
4.782694168118531430e-02,3.224767451331798929e-02,4.499742533629402796e-02,4.001011909179628262e-02,8.660738977436030495e-02,-8.407013583536418477e-02,4.913963153487744401e-02,-1.608379223930062329e-01,-4.654709002941577467e-02,1.454846527812862500e-01,5.092680329161160951e-02,-2.252009383411240212e-02,1.323135912293674499e-01,1.598259762868765033e-01,-9.980241405866816656e-03,8.795750168555122039e-02
4.782694168118526573e-02,3.224767451331796847e-02,4.499742533629387531e-02,4.001011909179622017e-02,8.660738977436030495e-02,-8.407013583536410151e-02,4.913963153487721502e-02,-1.608379223930062607e-01,-4.654709002941579549e-02,1.454846527812861112e-01,5.092680329161165809e-02,-2.252009383411234661e-02,1.323135912293674221e-01,1.598259762868765310e-01,-9.980241405866821860e-03,8.795750168555127591e-02
-1.009584224600244273e-01,-3.625003584032576720e-02,5.389544732163873385e-03,3.151212065207715379e-02,8.324206784235432810e-02,8.004139681760330527e-02,-6.683517614802532425e-02,-3.676271419910918936e-02,-6.954056897792219860e-02,-1.941022620983785460e-02,-2.310787436823861715e-02,-2.199079472779453745e-02,4.367667445789425590e-02,-1.815661219556762365e-02,7.261105486945597376e-02,2.469134098429467961e-02
-1.678893830002482768e-01,-2.022436359181356558e-02,5.783453709490828099e-02,3.413443578022812286e-02,1.942528248452036199e-01,1.169274779047611984e-01,4.541701272931786271e-02,2.473297170652657972e-03,2.668600725945236701e-02,-1.190520503704813882e-01,1.038650112311629015e-01,-4.990232158296295170e-03,9.486014512939532073e-02,3.755470301206050021e-02,-2.828511344734224719e-02,-3.147942797442458696e-02
8.298371414499190746e-03,-1.798207685368490710e-03,-9.507041007803362920e-03,4.843319484151391296e-04,-7.723157197256913520e-03,-4.933121268725283726e-03,9.754565097711602462e-03,1.130607996789136441e-02,3.656142464276595713e-03,8.527571148076923402e-03,-3.596929131635239613e-03,5.588035665361661478e-03,6.503973045787342366e-04,4.427868651309861681e-03,1.374264154729876522e-03,7.217342174191461457e-03
-8.298371414499201154e-03,1.798207685368494613e-03,9.507041007803395880e-03,-4.843319484151495380e-04,7.723157197256823314e-03,4.933121268725335767e-03,-9.754565097711668381e-03,-1.130607996789157431e-02,-3.656142464276489895e-03,-8.527571148076926871e-03,3.596929131635313338e-03,-5.588035665361633722e-03,-6.503973045786544394e-04,-4.427868651309943213e-03,-1.374264154729880425e-03,-7.217342174191503090e-03
-4.149185707249744559e-03,8.991038426841742315e-04,4.753520503901730032e-03,-2.421659742076823219e-04,3.861578598628272879e-03,2.466560634362499616e-03,-4.877282548856030214e-03,-5.653039983945791491e-03,-1.828071232138341225e-03,-4.263785574038350679e-03,1.798464565817417711e-03,-2.794017832680821198e-03,-3.251986522893740572e-04,-2.213934325654842369e-03,-6.871320773649321895e-04,-3.608671087095510419e-03
4.149185707249647415e-03,-8.991038426842609677e-04,-4.753520503901824575e-03,2.421659742075400745e-04,-3.861578598628442882e-03,-2.466560634362634924e-03,4.877282548855957356e-03,5.653039983945850472e-03,1.828071232138439237e-03,4.263785574038170267e-03,-1.798464565817378680e-03,2.794017832680795177e-03,3.251986522891867071e-04,2.213934325654900483e-03,6.871320773648489227e-04,3.608671087095415009e-03
4.149185707249550270e-03,-8.991038426843494386e-04,-4.753520503901804625e-03,2.421659742075088495e-04,-3.861578598628491454e-03,-2.466560634362686966e-03,4.877282548855913988e-03,5.653039983945786287e-03,1.828071232138359439e-03,4.263785574038288229e-03,-1.798464565817354394e-03,2.794017832680885383e-03,3.251986522893072704e-04,2.213934325654895278e-03,6.871320773648437186e-04,3.608671087095420213e-03
4.149185707249674303e-03,-8.991038426845350540e-04,-4.753520503901879218e-03,2.421659742072625188e-04,-3.861578598628713499e-03,-2.466560634362645332e-03,4.877282548856009398e-03,5.653039983945725572e-03,1.828071232138553728e-03,4.263785574038191084e-03,-1.798464565817640623e-03,2.794017832680859362e-03,3.251986522893775267e-04,2.213934325654882268e-03,6.871320773650275993e-04,3.608671087095558123e-03
4.149185707249543331e-03,-8.991038426845558706e-04,-4.753520503901868810e-03,2.421659742075088495e-04,-3.861578598628484515e-03,-2.466560634362936766e-03,4.877282548855950417e-03,5.653039983945600672e-03,1.828071232138386328e-03,4.263785574038225779e-03,-1.798464565817600724e-03,2.794017832680869770e-03,3.251986522892751780e-04,2.213934325655140742e-03,6.871320773648922908e-04,3.608671087095612767e-03
-4.149185707249617924e-03,8.991038426844691345e-04,4.753520503901847993e-03,-2.421659742076302801e-04,3.861578598628560843e-03,2.466560634362634924e-03,-4.877282548855915723e-03,-5.653039983945840063e-03,-1.828071232138538116e-03,-4.263785574038129501e-03,1.798464565817508784e-03,-2.794017832680720584e-03,-3.251986522893289544e-04,-2.213934325655210131e-03,-6.871320773648628005e-04,-3.608671087095559858e-03
8.298371414499183807e-03,-1.798207685368395300e-03,-9.507041007803369859e-03,4.843319484153195409e-04,-7.723157197256779946e-03,-4.933121268725276787e-03,9.754565097711713484e-03,1.130607996789131584e-02,3.656142464276611326e-03,8.527571148076951157e-03,-3.596929131635229204e-03,5.588035665361611171e-03,6.503973045786926033e-04,4.427868651309990050e-03,1.374264154729829684e-03,7.217342174191461457e-03
4.149185707249642210e-03,-8.991038426844292358e-04,-4.753520503901926056e-03,2.421659742074862168e-04,-3.861578598628724775e-03,-2.466560634362579413e-03,4.877282548855903579e-03,5.653039983945725572e-03,1.828071232138564137e-03,4.263785574038121695e-03,-1.798464565817604194e-03,2.794017832680810789e-03,3.251986522894746712e-04,2.213934325655009770e-03,6.871320773650137215e-04,3.608671087095526031e-03
-4.149185707249567617e-03,8.991038426842705086e-04,4.753520503901502783e-03,-2.421659742076753830e-04,3.861578598628255532e-03,2.466560634362550790e-03,-4.877282548855950417e-03,-5.653039983945829655e-03,-1.828071232138292652e-03,-4.263785574038461701e-03,1.798464565817458477e-03,-2.794017832680761784e-03,-3.251986522893914044e-04,-2.213934325654977678e-03,-6.871320773649677513e-04,-3.608671087095668278e-03
4.149185707249682976e-03,-8.991038426840666786e-04,-4.753520503901528804e-03,2.421659742076684441e-04,-3.861578598628231246e-03,-2.466560634362527371e-03,4.877282548855874089e-03,5.653039983945506997e-03,1.828071232138260560e-03,4.263785574038475579e-03,-1.798464565817579908e-03,2.794017832680869770e-03,3.251986522893740572e-04,2.213934325654802471e-03,6.871320773649304547e-04,3.608671087095657870e-03
-4.149185707249649149e-03,8.991038426846755666e-04,4.753520503901976363e-03,-2.421659742074776245e-04,3.861578598628569517e-03,2.466560634362721660e-03,-4.877282548855915723e-03,-5.653039983945701286e-03,-1.828071232138342092e-03,-4.263785574038145981e-03,1.798464565817614602e-03,-2.794017832680947833e-03,-3.251986522893324238e-04,-2.213934325655027985e-03,-6.871320773647777991e-04,-3.608671087095650931e-03
-4.149185707249595373e-03,8.991038426845519675e-04,4.753520503902035343e-03,-2.421659742074290522e-04,3.861578598628480179e-03,2.466560634362680027e-03,-4.877282548855926131e-03,-5.653039983945725572e-03,-1.828071232138267499e-03,-4.263785574038260473e-03,1.798464565817566030e-03,-2.794017832680833341e-03,-3.251986522891658904e-04,-2.213934325654970739e-03,-6.871320773648957603e-04,-3.608671087095556822e-03
4.149185707249584965e-03,-8.991038426844448483e-04,-4.753520503901730032e-03,2.421659742072763966e-04,-3.861578598628748193e-03,-2.466560634362593291e-03,4.877282548856123889e-03,5.653039983945703020e-03,1.828071232138482605e-03,4.263785574038413129e-03,-1.798464565817808891e-03,2.794017832680823800e-03,3.251986522892881884e-04,2.213934325654899615e-03,6.871320773649894353e-04,3.608671087095435825e-03
-4.149185707249633537e-03,8.991038426844908185e-04,4.753520503901972893e-03,-2.421659742073939241e-04,3.861578598628727377e-03,2.466560634362732068e-03,-4.877282548855728372e-03,-5.653039983945666591e-03,-1.828071232138368113e-03,-4.263785574038328127e-03,1.798464565817482763e-03,-2.794017832680743135e-03,-3.251986522893463016e-04,-2.213934325655107782e-03,-6.871320773648732089e-04,-3.608671087095732463e-03
4.149185707249646547e-03,-8.991038426843992034e-04,-4.753520503901990241e-03,2.421659742075765037e-04,-3.861578598628654518e-03,-2.466560634362562066e-03,4.877282548855801231e-03,5.653039983945701286e-03,1.828071232138622250e-03,4.263785574038180676e-03,-1.798464565817578173e-03,2.794017832680725788e-03,3.251986522894573239e-04,2.213934325655076557e-03,6.871320773649599450e-04,3.608671087095564195e-03
1.244755712174923715e-02,-2.697311528053534038e-03,-1.426056151170619624e-02,7.264979226222142983e-04,-1.158473579588568600e-02,-7.399681903088144164e-03,1.463184764656744880e-02,1.695911995183563975e-02,5.484213696414955153e-03,1.279135672211494795e-02,-5.395393697452274817e-03,8.382053498042253692e-03,9.755959568678827798e-04,6.641802976965024974e-03,2.061396232094454828e-03,1.082601326128730668e-02
1.244755712174898388e-02,-2.697311528053601692e-03,-1.426056151170622399e-02,7.264979226221865427e-04,-1.158473579588550906e-02,-7.399681903088393964e-03,1.463184764656741410e-02,1.695911995183589649e-02,5.484213696414788619e-03,1.279135672211494101e-02,-5.395393697452115223e-03,8.382053498042461859e-03,9.755959568678584937e-04,6.641802976964920890e-03,2.061396232094395847e-03,1.082601326128730668e-02
1.244755712174911225e-02,-2.697311528053490670e-03,-1.426056151170614766e-02,7.264979226221587871e-04,-1.158473579588556630e-02,-7.399681903088373147e-03,1.463184764656744186e-02,1.695911995183579934e-02,5.484213696414851069e-03,1.279135672211502428e-02,-5.395393697452309512e-03,8.382053498042208589e-03,9.755959568679799243e-04,6.641802976965108241e-03,2.061396232094381102e-03,1.082601326128720953e-02
-1.244755712174921980e-02,2.697311528053490670e-03,1.426056151170623267e-02,-7.264979226221934816e-04,1.158473579588570335e-02,7.399681903088217022e-03,-1.463184764656742104e-02,-1.695911995183588955e-02,-5.484213696414729639e-03,-1.279135672211501734e-02,5.395393697452358084e-03,-8.382053498042182568e-03,-9.755959568681048244e-04,-6.641802976964868849e-03,-2.061396232094364622e-03,-1.082601326128725810e-02
1.244755712174920766e-02,-2.697311528053589549e-03,-1.426056151170621358e-02,7.264979226222715442e-04,-1.158473579588568947e-02,-7.399681903088282942e-03,1.463184764656757716e-02,1.695911995183610813e-02,5.484213696414948214e-03,1.279135672211504683e-02,-5.395393697452469974e-03,8.382053498042205120e-03,9.755959568681638050e-04,6.641802976964934768e-03,2.061396232094524217e-03,1.082601326128724770e-02
1.244755712174912265e-02,-2.697311528053660673e-03,-1.426056151170612685e-02,7.264979226222420539e-04,-1.158473579588557845e-02,-7.399681903088026202e-03,1.463184764656754420e-02,1.695911995183613241e-02,5.484213696414920458e-03,1.279135672211486122e-02,-5.395393697452448289e-03,8.382053498042271039e-03,9.755959568680926813e-04,6.641802976965045791e-03,2.061396232094593606e-03,1.082601326128719739e-02
1.244755712174902551e-02,-2.697311528053518426e-03,-1.426056151170616848e-02,7.264979226222385844e-04,-1.158473579588551773e-02,-7.399681903088008855e-03,1.463184764656748002e-02,1.695911995183610466e-02,5.484213696414875355e-03,1.279135672211481091e-02,-5.395393697452413595e-03,8.382053498042347367e-03,9.755959568680180882e-04,6.641802976965167221e-03,2.061396232094642178e-03,1.082601326128722341e-02
8.298371414499697285e-03,-1.798207685369233172e-03,-9.507041007804008237e-03,4.843319484152154575e-04,-7.723157197257041889e-03,-4.933121268725013109e-03,9.754565097711772464e-03,1.130607996789082664e-02,3.656142464276736226e-03,8.527571148076437679e-03,-3.596929131635076549e-03,5.588035665361264226e-03,6.503973045791228147e-04,4.427868651310000458e-03,1.374264154729888665e-03,7.217342174191461457e-03
4.149185707249820887e-03,-8.991038426843858677e-04,-4.753520503902108202e-03,2.421659742076649746e-04,-3.861578598628616354e-03,-2.466560634362662680e-03,4.877282548855874089e-03,5.653039983945800165e-03,1.828071232138371582e-03,4.263785574037781689e-03,-1.798464565817656236e-03,2.794017832680743569e-03,3.251986522894607934e-04,2.213934325654916963e-03,6.871320773648992297e-04,3.608671087095546848e-03
4.149185707249586699e-03,-8.991038426845107678e-04,-4.753520503901945138e-03,2.421659742073806968e-04,-3.861578598628540027e-03,-2.466560634362636659e-03,4.877282548855934804e-03,5.653039983945590263e-03,1.828071232138406277e-03,4.263785574038292565e-03,-1.798464565817406435e-03,2.794017832680880178e-03,3.251986522894434462e-04,2.213934325654962065e-03,6.871320773648905561e-04,3.608671087095585012e-03
4.149185707249453126e-03,-8.991038426844309706e-04,-4.753520503902297287e-03,2.421659742071341492e-04,-3.861578598628456760e-03,-2.466560634363040849e-03,4.877282548855998989e-03,5.653039983945271074e-03,1.828071232138277907e-03,4.263785574038170267e-03,-1.798464565817239902e-03,2.794017832681118703e-03,3.251986522887634345e-04,2.213934325655073088e-03,6.871320773647431046e-04,3.608671087095810526e-03
4.149185707249453126e-03,-8.991038426845038289e-04,-4.753520503902340655e-03,2.421659742071775173e-04,-3.861578598628429004e-03,-2.466560634362717323e-03,4.877282548855964295e-03,5.653039983945326585e-03,1.828071232138277907e-03,4.263785574038045367e-03,-1.798464565817068164e-03,2.794017832681157300e-03,3.251986522887426179e-04,2.213934325655038393e-03,6.871320773646416233e-04,3.608671087095696034e-03
4.149185707249425370e-03,-8.991038426843719900e-04,-4.753520503902222694e-03,2.421659742072174160e-04,-3.861578598628345738e-03,-2.466560634362624516e-03,4.877282548855846334e-03,5.653039983945451485e-03,1.828071232138255356e-03,4.263785574038250065e-03,-1.798464565817108063e-03,2.794017832681232327e-03,3.251986522888744569e-04,2.213934325654975943e-03,6.871320773646633073e-04,3.608671087095643992e-03
4.149185707249300470e-03,-8.991038426843754594e-04,-4.753520503902134223e-03,2.421659742072035382e-04,-3.861578598628422065e-03,-2.466560634362874316e-03,4.877282548856068378e-03,5.653039983945735980e-03,1.828071232138385460e-03,4.263785574038152920e-03,-1.798464565817295413e-03,2.794017832681273093e-03,3.251986522888605791e-04,2.213934325654913493e-03,6.871320773646216740e-04,3.608671087095775831e-03
4.149185707249300470e-03,-8.991038426843372955e-04,-4.753520503902132488e-03,2.421659742072451715e-04,-3.861578598628420331e-03,-2.466560634362860438e-03,4.877282548856175931e-03,5.653039983945687408e-03,1.828071232138409746e-03,4.263785574038041898e-03,-1.798464565817461946e-03,2.794017832681107427e-03,3.251986522889750708e-04,2.213934325654941249e-03,6.871320773647188185e-04,3.608671087095699503e-03
4.149185707249425370e-03,-8.991038426844396442e-04,-4.753520503901959016e-03,2.421659742073561938e-04,-3.861578598628540027e-03,-2.466560634362772834e-03,4.877282548855976438e-03,5.653039983945638836e-03,1.828071232138395869e-03,4.263785574038142512e-03,-1.798464565817461946e-03,2.794017832681005079e-03,3.251986522890756848e-04,2.213934325654989821e-03,6.871320773648246366e-04,3.608671087095602359e-03
8.298371414498961762e-03,-1.798207685368938269e-03,-9.507041007804417632e-03,4.843319484148997378e-04,-7.723157197257163320e-03,-4.933121268725346176e-03,9.754565097712414312e-03,1.130607996789212422e-02,3.656142464277048476e-03,8.527571148076656254e-03,-3.596929131635132060e-03,5.588035665362141996e-03,6.503973045785156615e-04,4.427868651310284953e-03,1.374264154729614579e-03,7.217342174191065940e-03
4.149185707249495626e-03,-8.991038426843754594e-04,-4.753520503901906974e-03,2.421659742075608912e-04,-3.861578598628710030e-03,-2.466560634362742477e-03,4.877282548856585326e-03,5.653039983946811509e-03,1.828071232138811335e-03,4.263785574038544968e-03,-1.798464565818194867e-03,2.794017832680880178e-03,3.251986522896793685e-04,2.213934325655381868e-03,6.871320773648784130e-04,3.608671087095338681e-03
4.149185707249571954e-03,-8.991038426842713760e-04,-4.753520503901896566e-03,2.421659742075192578e-04,-3.861578598628505332e-03,-2.466560634362811866e-03,4.877282548856626959e-03,5.653039983946651914e-03,1.828071232138708119e-03,4.263785574038742726e-03,-1.798464565818252980e-03,2.794017832680920077e-03,3.251986522896342657e-04,2.213934325655402685e-03,6.871320773649235158e-04,3.608671087095428887e-03
4.149185707249591903e-03,-8.991038426842427531e-04,-4.753520503901924321e-03,2.421659742074741550e-04,-3.861578598628500128e-03,-2.466560634362839621e-03,4.877282548856547162e-03,5.653039983946617220e-03,1.828071232138864244e-03,4.263785574038642112e-03,-1.798464565817933791e-03,2.794017832680992935e-03,3.251986522894295684e-04,2.213934325655385338e-03,6.871320773649339242e-04,3.608671087095357763e-03
4.149185707249730681e-03,-8.991038426841707620e-04,-4.753520503901733502e-03,2.421659742075400745e-04,-3.861578598628664927e-03,-2.466560634363075544e-03,4.877282548856429201e-03,5.653039983946464564e-03,1.828071232138833019e-03,4.263785574038538029e-03,-1.798464565817919913e-03,2.794017832680965180e-03,3.251986522894989573e-04,2.213934325655329827e-03,6.871320773648931582e-04,3.608671087095685626e-03
4.149185707249623128e-03,-8.991038426842202017e-04,-4.753520503901841054e-03,2.421659742073380877e-04,-3.861578598628758602e-03,-2.466560634362999216e-03,4.877282548856290423e-03,5.653039983946346603e-03,1.828071232138732405e-03,4.263785574038621295e-03,-1.798464565817774197e-03,2.794017832681024160e-03,3.251986522895475296e-04,2.213934325655284724e-03,6.871320773648610658e-04,3.608671087095572869e-03
4.149185707249565883e-03,-8.991038426842817843e-04,-4.753520503901945138e-03,2.421659742073483876e-04,-3.861578598628689213e-03,-2.466560634363014395e-03,4.877282548856155114e-03,5.653039983946332725e-03,1.828071232138605770e-03,4.263785574038555376e-03,-1.798464565817645827e-03,2.794017832681031099e-03,3.251986522893254850e-04,2.213934325655201023e-03,6.871320773648159630e-04,3.608671087095595420e-03
4.149185707249620526e-03,-8.991038426842314774e-04,-4.753520503901976363e-03,2.421659742074307869e-04,-3.861578598628621559e-03,-2.466560634363172688e-03,4.877282548856092664e-03,5.653039983946100272e-03,1.828071232138517299e-03,4.263785574038708032e-03,-1.798464565817572969e-03,2.794017832681121305e-03,3.251986522891936460e-04,2.213934325655149415e-03,6.871320773647613192e-04,3.608671087095699503e-03
4.149185707249779254e-03,-8.991038426842193343e-04,-4.753520503902000649e-03,2.421659742074672161e-04,-3.861578598628762071e-03,-2.466560634362936766e-03,4.877282548856085725e-03,5.653039983946027414e-03,1.828071232138454849e-03,4.263785574038669868e-03,-1.798464565817736033e-03,2.794017832681031099e-03,3.251986522892057890e-04,2.213934325654972474e-03,6.871320773647708602e-04,3.608671087095696034e-03
4.149185707249834765e-03,-8.991038426843216830e-04,-4.753520503902033609e-03,2.421659742074741550e-04,-3.861578598628713499e-03,-2.466560634363033910e-03,4.877282548856160319e-03,5.653039983945843533e-03,1.828071232138520769e-03,4.263785574038551907e-03,-1.798464565817628480e-03,2.794017832681031533e-03,3.251986522891815029e-04,2.213934325655017576e-03,6.871320773648124935e-04,3.608671087095831342e-03
4.149185707249654353e-03,-8.991038426844170928e-04,-4.753520503901928658e-03,2.421659742074047661e-04,-3.861578598628519210e-03,-2.466560634362836152e-03,4.877282548856148175e-03,5.653039983945777613e-03,1.828071232138409746e-03,4.263785574038444354e-03,-1.798464565817586847e-03,2.794017832681062324e-03,3.251986522892725759e-04,2.213934325654934310e-03,6.871320773648471880e-04,3.608671087095755015e-03
4.149185707249498228e-03,-8.991038426846139839e-04,-4.753520503901854932e-03,2.421659742071584354e-04,-3.861578598628817582e-03,-2.466560634362680027e-03,4.877282548856186339e-03,5.653039983945916391e-03,1.828071232138328214e-03,4.263785574038775686e-03,-1.798464565817899097e-03,2.794017832681011584e-03,3.251986522894712017e-04,2.213934325655267377e-03,6.871320773648038199e-04,3.608671087095789709e-03
-4.149185707249535525e-03,8.991038426845905651e-04,4.753520503901953811e-03,-2.421659742071844562e-04,3.861578598628888706e-03,2.466560634362593291e-03,-4.877282548855887100e-03,-5.653039983945763736e-03,-1.828071232138414083e-03,-4.263785574038668133e-03,1.798464565817926852e-03,-2.794017832680902730e-03,-3.251986522895631421e-04,-2.213934325655239621e-03,-6.871320773647916769e-04,-3.608671087095801852e-03
4.149185707249584965e-03,-8.991038426848334264e-04,-4.753520503901972893e-03,2.421659742074533384e-04,-3.861578598628845338e-03,-2.466560634362596760e-03,4.877282548855877559e-03,5.653039983945604141e-03,1.828071232138299591e-03,4.263785574038597009e-03,-1.798464565817788074e-03,2.794017832680868903e-03,3.251986522897591658e-04,2.213934325655048801e-03,6.871320773648879540e-04,3.608671087095994406e-03
-4.149185707249619659e-03,8.991038426849722043e-04,4.753520503901906974e-03,-2.421659742074845634e-04,3.861578598628845338e-03,2.466560634362582882e-03,-4.877282548855874089e-03,-5.653039983945871289e-03,-1.828071232138329949e-03,-4.263785574038584866e-03,1.798464565817704808e-03,-2.794017832680757013e-03,-3.251986522896099796e-04,-2.213934325655243091e-03,-6.871320773649356589e-04,-3.608671087095890323e-03
4.149185707249602312e-03,-8.991038426848577125e-04,-4.753520503902000649e-03,2.421659742073561938e-04,-3.861578598628836664e-03,-2.466560634362457982e-03,4.877282548855901845e-03,5.653039983945938943e-03,1.828071232138343827e-03,4.263785574038541498e-03,-1.798464565817822769e-03,2.794017832680695430e-03,3.251986522895718157e-04,2.213934325655149415e-03,6.871320773648992297e-04,3.608671087095706442e-03
4.149185707249781856e-03,-8.991038426846634235e-04,-4.753520503901938199e-03,2.421659742072243549e-04,-3.861578598628772480e-03,-2.466560634362579413e-03,4.877282548856085725e-03,5.653039983945735980e-03,1.828071232138156477e-03,4.263785574038538029e-03,-1.798464565817781136e-03,2.794017832680791708e-03,3.251986522894347725e-04,2.213934325655171967e-03,6.871320773648229019e-04,3.608671087095741137e-03
4.149185707249609251e-03,-8.991038426846773013e-04,-4.753520503901913913e-03,2.421659742072512431e-04,-3.861578598628664927e-03,-2.466560634362874316e-03,4.877282548856048429e-03,5.653039983945531283e-03,1.828071232138162115e-03,4.263785574038399251e-03,-1.798464565817586847e-03,2.794017832680733594e-03,3.251986522895119677e-04,2.213934325655132068e-03,6.871320773647309615e-04,3.608671087095730728e-03
-8.298371414498476040e-03,1.798207685369293020e-03,9.507041007803879867e-03,-4.843319484143749840e-04,7.723157197257544959e-03,4.933121268725351380e-03,-9.754565097712167981e-03,-1.130607996789220054e-02,-3.656142464276822962e-03,-8.527571148076498395e-03,3.596929131636136465e-03,-5.588035665362072607e-03,-6.503973045786197449e-04,-4.427868651309983111e-03,-1.374264154729558200e-03,-7.217342174191075481e-03
-8.298371414498621756e-03,1.798207685369377154e-03,9.507041007803857316e-03,-4.843319484143923312e-04,7.723157197257773943e-03,4.933121268725425973e-03,-9.754565097712357066e-03,-1.130607996789228901e-02,-3.656142464277131743e-03,-8.527571148076307575e-03,3.596929131636353305e-03,-5.588035665361941635e-03,-6.503973045789744958e-04,-4.427868651310026479e-03,-1.374264154729539986e-03,-7.217342174191045123e-03
-1.659674282899776393e-02,3.596415370738435119e-03,1.901408201560755157e-02,-9.686638968289089120e-04,1.544631439451513155e-02,9.866242537450735720e-03,-1.950913019542429433e-02,-2.261215993578372802e-02,-7.312284928553722252e-03,-1.705514229615325700e-02,7.193858263271832310e-03,-1.117607133072367163e-02,-1.300794609157718273e-03,-8.855737302620098061e-03,-2.748528309459354058e-03,-1.443468434838206249e-02
4.939158052960657130e-02,2.258002104310201374e-02,1.217439459788258183e-02,-2.530749491456604772e-02,-5.182470509869624431e-02,-5.298137093592864000e-02,4.942572681849095179e-02,1.062826663638503227e-02,2.766340985523772431e-02,6.714280239177028431e-03,1.786504120174637472e-02,2.028269541848020871e-02,-2.730260554297708059e-02,8.944107235114875237e-03,1.169747899659364168e-02,-3.066482918593860935e-02
-4.149185707249695987e-03,8.991038426844639303e-04,4.753520503901916515e-03,-2.421659742074001582e-04,3.861578598628338799e-03,2.466560634362721660e-03,-4.877282548856118685e-03,-5.653039983945434138e-03,-1.828071232138198110e-03,-4.263785574038225779e-03,1.798464565817517458e-03,-2.794017832680732727e-03,-3.251986522893740572e-04,-2.213934325654894411e-03,-6.871320773649772923e-04,-3.608671087095775831e-03
4.149185707249723742e-03,-8.991038426848160792e-04,-4.753520503901886157e-03,2.421659742075053801e-04,-3.861578598628387371e-03,-2.466560634362402471e-03,4.877282548856023275e-03,5.653039983945009131e-03,1.828071232138434032e-03,4.263785574038662929e-03,-1.798464565817364802e-03,2.794017832680531499e-03,3.251986522894677323e-04,2.213934325655046199e-03,6.871320773649235158e-04,3.608671087095755015e-03
-4.149185707249702926e-03,8.991038426844205622e-04,4.753520503901915648e-03,-2.421659742073388466e-04,3.861578598628671866e-03,2.466560634362631454e-03,-4.877282548856158584e-03,-5.653039983945611080e-03,-1.828071232138484773e-03,-4.263785574038313382e-03,1.798464565817503580e-03,-2.794017832680985997e-03,-3.251986522890618070e-04,-2.213934325654923901e-03,-6.871320773647743296e-04,-3.608671087095470520e-03
2.149519188897143496e-02,-1.121659695485612285e-01,2.051511582046577561e-02,-4.615046592970870609e-01,-1.558721342330464388e-01,2.001685942126943119e-01,2.182917161982387277e-01,-1.209019272724254634e-01,3.907872147409101327e-02,6.730732718698641259e-02,-1.770313519468118962e-02,-7.098306612240136600e-03,-3.102053284667311700e-02,2.440051440500928120e-02,-1.508484649036372430e-02,1.562927272379875387e-01
-1.734600618172170428e-02,1.112668657058767385e-01,-2.526863632436779014e-02,4.617468252712941257e-01,1.520105556344179543e-01,-2.026351548470570751e-01,-2.134144336493827010e-01,1.265549672563707206e-01,-3.725065024195266944e-02,-6.304354161294796477e-02,1.590467062886382829e-02,9.892324444920965604e-03,3.134573149896260208e-02,-2.218658007935411097e-02,1.577197856772851250e-02,-1.526840561508918115e-01
-1.619809487161066180e-02,-2.977285178457829418e-02,-5.020255862909796252e-02,2.724482270822419644e-02,2.093207630966641489e-02,3.324888586102797000e-02,-1.040746642764202312e-02,3.459605323518190334e-02,-1.303883999813009592e-02,2.739600435312993659e-02,-3.225275772828774257e-02,2.069447242967713957e-03,2.990419476129257959e-02,8.767367370125227211e-03,-6.200422377675190305e-03,5.953419788270231106e-02
1.036782100532919332e-01,1.643219690668739352e-01,2.251407615894525371e-02,-4.310417693675967776e-02,1.139234617482567519e-01,1.011877562376605894e-01,4.807874160594423352e-02,9.574871124210113105e-03,-4.832860631674877616e-02,-5.206216953471292513e-02,-5.755025811795656809e-02,-5.232208497146705051e-02,5.094732280406510244e-02,-1.095038283875691965e-01,2.792576922868336003e-02,7.596693069318778690e-02
1.036782100532921969e-01,1.643219690668740463e-01,2.251407615894513228e-02,-4.310417693675975409e-02,1.139234617482564604e-01,1.011877562376604367e-01,4.807874160594430291e-02,9.574871124210170351e-03,-4.832860631674875534e-02,-5.206216953471264064e-02,-5.755025811795661667e-02,-5.232208497146698806e-02,5.094732280406508163e-02,-1.095038283875692381e-01,2.792576922868322126e-02,7.596693069318778690e-02
1.036782100532924189e-01,1.643219690668741850e-01,2.251407615894525024e-02,-4.310417693675976103e-02,1.139234617482563633e-01,1.011877562376603534e-01,4.807874160594419188e-02,9.574871124210217188e-03,-4.832860631674881779e-02,-5.206216953471278636e-02,-5.755025811795648483e-02,-5.232208497146684234e-02,5.094732280406502611e-02,-1.095038283875692381e-01,2.792576922868320044e-02,7.596693069318766200e-02
4.149185707249683844e-03,-8.991038426843147441e-04,-4.753520503901924321e-03,2.421659742073149399e-04,-3.861578598628680973e-03,-2.466560634362759824e-03,4.877282548855919192e-03,5.653039983945586794e-03,1.828071232138290050e-03,4.263785574038538029e-03,-1.798464565817527866e-03,2.794017832680906199e-03,3.251986522892075238e-04,2.213934325654930840e-03,6.871320773648667037e-04,3.608671087095434091e-03
4.149185707249900684e-03,-8.991038426841967829e-04,-4.753520503901872279e-03,2.421659742071514965e-04,-3.861578598628831460e-03,-2.466560634362693905e-03,4.877282548855879293e-03,5.653039983945489649e-03,1.828071232138302193e-03,4.263785574038636908e-03,-1.798464565817640623e-03,2.794017832680777830e-03,3.251986522892214015e-04,2.213934325654795532e-03,6.871320773648703899e-04,3.608671087095705575e-03
1.036782100532923634e-01,1.643219690668742405e-01,2.251407615894523290e-02,-4.310417693675963613e-02,1.139234617482564327e-01,1.011877562376603812e-01,4.807874160594399759e-02,9.574871124210133921e-03,-4.832860631674906760e-02,-5.206216953471265452e-02,-5.755025811795625584e-02,-5.232208497146675907e-02,5.094732280406517877e-02,-1.095038283875694879e-01,2.792576922868327677e-02,7.596693069318767588e-02
-1.318389841742373392e-16,-2.376571162088225719e-16,-2.602085213965210642e-17,1.630640067418198669e-16,1.595945597898662527e-16,1.110223024625156540e-16,5.551115123125782702e-17,-7.372574772901430151e-18,2.844946500601963635e-16,-1.734723475976807094e-16,-1.873501354054951662e-16,-2.879640970121499777e-16,-5.551115123125782702e-17,1.734723475976807094e-16,6.938893903907228378e-18,6.938893903907228378e-18
4.149185707250181709e-03,-8.991038426840007591e-04,-4.753520503901750849e-03,2.421659742070682297e-04,-3.861578598628824521e-03,-2.466560634362603699e-03,4.877282548856094399e-03,5.653039983945343933e-03,1.828071232138475666e-03,4.263785574038663796e-03,-1.798464565817484498e-03,2.794017832680828570e-03,3.251986522894130885e-04,2.213934325654755633e-03,6.871320773648255040e-04,3.608671087095673483e-03
1.184958518566698107e-02,4.735658920492143154e-02,8.956439945535311919e-02,-4.159373198495828344e-02,-1.981337866861397970e-02,-4.247364688845360614e-02,9.793519948951522058e-04,-6.885319980460899436e-02,1.407404630078019740e-02,-5.388536325180996733e-02,5.377453028988474215e-02,-1.148622436249371707e-02,-4.583188809880713033e-02,-1.979285403215289008e-02,7.239237334418110320e-03,-1.001273100853413978e-01
9.537983863879238855e-02,1.661201767522423878e-01,3.202111716674890113e-02,-4.358850888517405708e-02,1.216466189455137764e-01,1.061208775063856025e-01,3.832417650823175675e-02,-1.731208843680928644e-03,-5.198474878102585239e-02,-6.058974068278973057e-02,-5.395332898632077684e-02,-5.791012063682825228e-02,5.029692549948602820e-02,-1.139316970388791761e-01,2.655150507395335341e-02,6.874958851899583279e-02
-9.537983863879261059e-02,-1.661201767522425821e-01,-3.202111716674882480e-02,4.358850888517386279e-02,-1.216466189455138597e-01,-1.061208775063851445e-01,-3.832417650823208982e-02,1.731208843680845377e-03,5.198474878102594954e-02,6.058974068278974445e-02,5.395332898632115848e-02,5.791012063682832167e-02,-5.029692549948579922e-02,1.139316970388789263e-01,-2.655150507395347831e-02,-6.874958851899595769e-02
-9.537983863879262447e-02,-1.661201767522424155e-01,-3.202111716674892195e-02,4.358850888517424443e-02,-1.216466189455138042e-01,-1.061208775063850890e-01,-3.832417650823197880e-02,1.731208843680914766e-03,5.198474878102602587e-02,6.058974068278986241e-02,5.395332898632113766e-02,5.791012063682827310e-02,-5.029692549948571595e-02,1.139316970388791622e-01,-2.655150507395344708e-02,-6.874958851899615198e-02
9.952902434604214699e-02,1.652210729095580644e-01,2.726759666284692130e-02,-4.334634291096683273e-02,1.177850403468850837e-01,1.036543168720228392e-01,4.320145905708787371e-02,3.921831140264788254e-03,-5.015667754888759877e-02,-5.632595510875146316e-02,-5.575179355213864818e-02,-5.511610280414747098e-02,5.062212415177543695e-02,-1.117177627132244500e-01,2.723863715131839142e-02,7.235825960609175433e-02
-9.537983863879240243e-02,-1.661201767522424988e-01,-3.202111716674891501e-02,4.358850888517415423e-02,-1.216466189455138042e-01,-1.061208775063854914e-01,-3.832417650823181920e-02,1.731208843680891347e-03,5.198474878102594260e-02,6.058974068278989711e-02,5.395332898632101970e-02,5.791012063682830779e-02,-5.029692549948606289e-02,1.139316970388794259e-01,-2.655150507395342974e-02,-6.874958851899591605e-02
8.298371414498264403e-03,-1.798207685369640832e-03,-9.507041007804369059e-03,4.843319484143810555e-04,-7.723157197257041889e-03,-4.933121268726509308e-03,9.754565097711706545e-03,1.130607996789083011e-02,3.656142464277247969e-03,8.527571148076153185e-03,-3.596929131635775642e-03,5.588035665361335350e-03,6.503973045785954588e-04,4.427868651310749859e-03,1.374264154729474066e-03,7.217342174190588024e-03
8.298371414498358078e-03,-1.798207685369542603e-03,-9.507041007804573757e-03,4.843319484144383014e-04,-7.723157197257135564e-03,-4.933121268726646351e-03,9.754565097711767260e-03,1.130607996789090818e-02,3.656142464277156029e-03,8.527571148076076857e-03,-3.596929131636023708e-03,5.588035665361311063e-03,6.503973045788411390e-04,4.427868651310704756e-03,1.374264154729634962e-03,7.217342174190875120e-03
8.298371414498531551e-03,-1.798207685369240111e-03,-9.507041007804336100e-03,4.843319484141989095e-04,-7.723157197257288220e-03,-4.933121268726525788e-03,9.754565097711925120e-03,1.130607996789086828e-02,3.656142464277124804e-03,8.527571148076111551e-03,-3.596929131635936971e-03,5.588035665361435964e-03,6.503973045788244423e-04,4.427868651310708226e-03,1.374264154729590293e-03,7.217342174190802262e-03
-8.298371414498437876e-03,1.798207685369677261e-03,9.507041007804521715e-03,-4.843319484141780928e-04,7.723157197257152912e-03,4.933121268726441654e-03,-9.754565097711654503e-03,-1.130607996789080236e-02,-3.656142464277082303e-03,-8.527571148076115021e-03,3.596929131635829419e-03,-5.588035665361252083e-03,-6.503973045786097702e-04,-4.427868651310756798e-03,-1.374264154729605905e-03,-7.217342174190769302e-03
-2.814608068439961586e-01,4.165219270275574148e-01,5.795294419025368016e-02,1.435915807603441868e-02,-3.530816416200823760e-01,-6.815657719783103918e-02,-2.777473029201431021e-01,-5.722604639169664997e-02,3.875193559125148512e-01,-2.390986078732363629e-01,1.110496963896873274e-01,1.120316863963144310e-01,1.412778554761582595e-01,8.973092236476305772e-02,1.442666752558988408e-01,5.029391078857685660e-01
-2.034728057886056249e-02,-2.887374794189423097e-02,-4.544903812519648922e-02,2.700265673401715943e-02,2.479365490829570778e-02,3.571544649539033084e-02,-1.528474897649831354e-02,2.894301325123606328e-02,-1.486691123026868261e-02,2.313221877909108978e-02,-3.045429316246978449e-02,-7.245705897133431633e-04,2.957899610900308063e-02,6.553433044470299840e-03,-6.887554455039905654e-03,5.592552679560711115e-02
-2.034728057886046534e-02,-2.887374794189417199e-02,-4.544903812519629493e-02,2.700265673401730515e-02,2.479365490829554819e-02,3.571544649539022676e-02,-1.528474897649822334e-02,2.894301325123616389e-02,-1.486691123026860975e-02,2.313221877909113489e-02,-3.045429316247017654e-02,-7.245705897134246953e-04,2.957899610900319512e-02,6.553433044470313718e-03,-6.887554455039888307e-03,5.592552679560686829e-02
-6.571503706628865904e-03,1.059775071437198679e-01,-1.804214917336439961e-01,2.045014593793209601e-02,-1.492174619302374938e-01,5.277924808718605088e-02,5.824932382815933840e-02,-1.417590896102037812e-01,-3.058076628033782329e-01,-2.777376976925314822e-01,-1.830139379127497523e-01,3.281850720563009860e-01,1.433539071995056091e-01,1.633226653229849779e-01,-2.088558247617661456e-01,-9.140741421458145610e-02
6.324447108058153105e-03,-9.809110088563496171e-03,-3.449185443183086508e-02,1.934503515126051107e-02,1.654576375640891966e-02,2.345478441989166940e-02,-2.713899494010012584e-02,2.115922091028831636e-02,1.604182049958573567e-02,1.024545130552083350e-02,-1.442067260107519205e-02,-1.578057827648485928e-02,1.125373528034890984e-02,2.482332050992241967e-03,-9.531888078527796238e-02,4.024698847467668428e-02
-2.034728057886053126e-02,-2.887374794189425525e-02,-4.544903812519648922e-02,2.700265673401729474e-02,2.479365490829556207e-02,3.571544649539051819e-02,-1.528474897649833436e-02,2.894301325123647267e-02,-1.486691123026863404e-02,2.313221877909109325e-02,-3.045429316247019388e-02,-7.245705897134320679e-04,2.957899610900314308e-02,6.553433044470265145e-03,-6.887554455039794632e-03,5.592552679560716666e-02
-2.007122507487258400e-01,-1.400858863545122179e-01,1.040716083185931062e-01,2.131591687314136896e-02,-4.588979332239424141e-02,-1.712520825725986906e-02,1.474457090719681895e-01,-1.689951095641331058e-01,7.230697138622241282e-02,7.933177496087757963e-02,-1.537477639195155565e-01,8.092463854985330884e-02,1.283632078406536370e-01,-2.585065982980582211e-01,-4.319643323262301049e-02,3.912762100413959970e-02
-1.140765802334957335e-01,9.034981143893332234e-02,-7.526145176616602650e-02,1.036766360954403943e-01,3.753781992953896668e-02,1.200184697123584110e-01,7.929664645494095832e-02,-1.242734623270774774e-01,1.034941027476149189e-01,1.283171224636302787e-01,-8.127541246611474923e-02,4.688920145383015936e-02,-1.704631455622294400e-01,-2.551584172249021787e-02,-1.238292162952806669e-01,1.603083018898424777e-02
-1.140765802334957890e-01,9.034981143893315580e-02,-7.526145176616609589e-02,1.036766360954405192e-01,3.753781992953891811e-02,1.200184697123583555e-01,7.929664645494087505e-02,-1.242734623270776717e-01,1.034941027476148773e-01,1.283171224636302510e-01,-8.127541246611469372e-02,4.688920145383015242e-02,-1.704631455622294123e-01,-2.551584172249012766e-02,-1.238292162952806252e-01,1.603083018898421655e-02
-1.140765802334955531e-01,9.034981143893321132e-02,-7.526145176616606813e-02,1.036766360954404914e-01,3.753781992953907076e-02,1.200184697123581196e-01,7.929664645494087505e-02,-1.242734623270775884e-01,1.034941027476148356e-01,1.283171224636304175e-01,-8.127541246611474923e-02,4.688920145383009691e-02,-1.704631455622293013e-01,-2.551584172249022828e-02,-1.238292162952805975e-01,1.603083018898412287e-02
-1.740405230618068400e-01,-1.210212485011816219e-01,1.150287920119587859e-01,1.365829529038509182e-02,-5.413768447428074504e-02,-2.938587033275846111e-02,1.355914631083663391e-01,-1.767789019050815258e-01,1.032157031160762656e-01,6.644500748730727824e-02,-1.377141433581198504e-01,6.586863086308206161e-02,1.100379470119996067e-01,-2.625776992915364039e-01,-1.316277595628615182e-01,2.344908268320895078e-02
6.324447108058438467e-03,-9.809110088563281066e-03,-3.449185443183087202e-02,1.934503515126060474e-02,1.654576375640894742e-02,2.345478441989147164e-02,-2.713899494010000440e-02,2.115922091028819840e-02,1.604182049958557607e-02,1.024545130552072074e-02,-1.442067260107518685e-02,-1.578057827648477948e-02,1.125373528034881790e-02,2.482332050992202069e-03,-9.531888078527810115e-02,4.024698847467656632e-02
1.267254744496124907e-01,-1.099680316160599747e-01,6.277742902504851452e-03,-6.498656579291903213e-02,-4.446292416721241841e-03,-7.310890087257540526e-02,-1.335746363351414390e-01,1.665919041476541240e-01,-7.141046174844416228e-02,-1.078262198525884730e-01,5.243406726396472595e-02,-7.845035800679933669e-02,1.929706161229276518e-01,3.048050582447454221e-02,-6.680854527527581299e-02,6.446314676036903057e-02
1.267254744496123520e-01,-1.099680316160600024e-01,6.277742902504823697e-03,-6.498656579291911539e-02,-4.446292416721238372e-03,-7.310890087257547465e-02,-1.335746363351414112e-01,1.665919041476539575e-01,-7.141046174844399574e-02,-1.078262198525884452e-01,5.243406726396452472e-02,-7.845035800679944771e-02,1.929706161229279293e-01,3.048050582447457690e-02,-6.680854527527575748e-02,6.446314676036882241e-02
1.289595081468710748e-02,-1.157866172322833398e-01,1.459296373018133253e-01,-1.105110786671538101e-03,1.657632256866464759e-01,-2.932446366729429474e-02,-8.538831876825928036e-02,1.629183105204919102e-01,3.218494833029638680e-01,2.879831489980523851e-01,1.685932653116747892e-01,-3.439656503327857551e-01,-1.321001719191565449e-01,-1.608403332719925138e-01,1.135369439764880722e-01,1.316544026892581543e-01
6.324447108058317037e-03,-9.809110088563367802e-03,-3.449185443183058752e-02,1.934503515126052148e-02,1.654576375640898905e-02,2.345478441989160001e-02,-2.713899494009990379e-02,2.115922091028800758e-02,1.604182049958552750e-02,1.024545130552065655e-02,-1.442067260107482082e-02,-1.578057827648482112e-02,1.125373528034907811e-02,2.482332050992113598e-03,-9.531888078527823993e-02,4.024698847467647611e-02
-5.363949572025306783e-02,-2.211801700286782357e-01,1.557983893462941971e-01,-7.067330565379470464e-02,-7.512974064741087532e-02,-1.259495556252253623e-01,2.915582171332539024e-02,-3.134621866771579446e-02,1.576342086804684295e-02,-5.162666367080231966e-02,-7.085940349308038344e-02,3.198851132767380374e-03,2.917548278545779583e-01,-2.345795255180540273e-01,-1.031174240528589803e-01,4.766524096890134565e-02
5.363949572025295681e-02,2.211801700286780969e-01,-1.557983893462941138e-01,7.067330565379460749e-02,7.512974064741091695e-02,1.259495556252255566e-01,-2.915582171332505371e-02,3.134621866771555854e-02,-1.576342086804673193e-02,5.162666367080197272e-02,7.085940349308045283e-02,-3.198851132767471881e-03,-2.917548278545781804e-01,2.345795255180539995e-01,1.031174240528589525e-01,-4.766524096890134565e-02
-2.034728057886054861e-02,-2.887374794189418239e-02,-4.544903812519634351e-02,2.700265673401726352e-02,2.479365490829542676e-02,3.571544649539033778e-02,-1.528474897649811579e-02,2.894301325123632349e-02,-1.486691123026855077e-02,2.313221877909103080e-02,-3.045429316247018348e-02,-7.245705897133639800e-04,2.957899610900325757e-02,6.553433044470424740e-03,-6.887554455039916063e-03,5.592552679560674339e-02
-2.034728057886030228e-02,-2.887374794189419974e-02,-4.544903812519646147e-02,2.700265673401706923e-02,2.479365490829553431e-02,3.571544649539026839e-02,-1.528474897649822681e-02,2.894301325123624369e-02,-1.486691123026858373e-02,2.313221877909107937e-02,-3.045429316247014878e-02,-7.245705897135105641e-04,2.957899610900309798e-02,6.553433044470334534e-03,-6.887554455039830194e-03,5.592552679560713891e-02
-2.034728057886030228e-02,-2.887374794189423444e-02,-4.544903812519651698e-02,2.700265673401724270e-02,2.479365490829553778e-02,3.571544649539040717e-02,-1.528474897649833610e-02,2.894301325123645185e-02,-1.486691123026857853e-02,2.313221877909100305e-02,-3.045429316247027021e-02,-7.245705897135704121e-04,2.957899610900323328e-02,6.553433044470237390e-03,-6.887554455039758203e-03,5.592552679560711115e-02
-1.470727550284730567e-01,8.109428367416578187e-02,-5.172678102770122965e-02,9.198922252693625401e-02,2.923994732501676574e-02,1.088243473679658124e-01,1.182898873586430977e-01,-1.376488908964175195e-01,5.654355051817556294e-02,1.309584386316796079e-01,-8.288836042643504820e-02,7.772578741708588423e-02,-1.633916200139245156e-01,-2.392707278000411747e-02,5.992099082023602530e-02,-8.537619964761863911e-03
2.864565199335913567e-02,2.707554025652468208e-02,3.594199711739195363e-02,-2.651832478560173234e-02,-3.251681210555246171e-02,-4.064856776411552436e-02,2.503931407421065500e-02,-1.763693328334437968e-02,1.852305369454573802e-02,-1.460464763101494354e-02,2.685736403083592919e-02,6.312606255075778328e-03,-2.892859880442409659e-02,-2.125564393159886517e-03,8.261818609769412680e-03,-4.870818462141611460e-02
-2.864565199335930915e-02,-2.707554025652462656e-02,-3.594199711739198833e-02,2.651832478560163520e-02,3.251681210555247559e-02,4.064856776411567008e-02,-2.503931407421068275e-02,1.763693328334429294e-02,-1.852305369454574496e-02,1.460464763101480996e-02,-2.685736403083567592e-02,-6.312606255075672509e-03,2.892859880442397169e-02,2.125564393159892589e-03,-8.261818609769509825e-03,4.870818462141620481e-02
2.864565199335930568e-02,2.707554025652492841e-02,3.594199711739205771e-02,-2.651832478560221112e-02,-3.251681210555255885e-02,-4.064856776411539252e-02,2.503931407421069316e-02,-1.763693328334413335e-02,1.852305369454558537e-02,-1.460464763101462782e-02,2.685736403083549551e-02,6.312606255075672509e-03,-2.892859880442422843e-02,-2.125564393160016621e-03,8.261818609769534111e-03,-4.870818462141621175e-02
2.864565199335912526e-02,2.707554025652508106e-02,3.594199711739206465e-02,-2.651832478560223541e-02,-3.251681210555264212e-02,-4.064856776411546191e-02,2.503931407421070010e-02,-1.763693328334407784e-02,1.852305369454566170e-02,-1.460464763101455843e-02,2.685736403083532203e-02,6.312606255075733225e-03,-2.892859880442432904e-02,-2.125564393160001009e-03,8.261818609769492477e-03,-4.870818462141617705e-02
5.946656538752787685e-02,4.524107426717118713e-02,4.214566030685624326e-02,-3.393378039415083369e-02,-4.462628185606796333e-02,-5.537579047397736542e-02,1.806235065946560497e-02,-1.976768564034698042e-02,5.125985665653839951e-02,-2.322762953054617260e-02,4.109252002641352458e-02,-5.949383599014378826e-03,-4.692866098078880832e-02,-3.982731060982415069e-03,-7.948237564310438319e-02,-6.077805185525144566e-02
3.279483770060896697e-02,2.617643641384048009e-02,3.118847661349010564e-02,-2.627615881139441778e-02,-3.637839070418130011e-02,-4.311512839847848194e-02,2.991659662306695930e-02,-1.198389329939798797e-02,2.035112492668435941e-02,-1.034086205697617653e-02,2.505889946501797805e-02,9.106624087756809427e-03,-2.860340015213473641e-02,8.836993249542596240e-05,8.948950687134193949e-03,-4.509951353432066490e-02
2.864565199335940629e-02,2.707554025652486596e-02,3.594199711739201608e-02,-2.651832478560197520e-02,-3.251681210555257967e-02,-4.064856776411550354e-02,2.503931407421082500e-02,-1.763693328334417151e-02,1.852305369454573108e-02,-1.460464763101459312e-02,2.685736403083549897e-02,6.312606255075596182e-03,-2.892859880442427006e-02,-2.125564393159966314e-03,8.261818609769487273e-03,-4.870818462141626726e-02
2.864565199335941323e-02,2.707554025652478616e-02,3.594199711739200220e-02,-2.651832478560184336e-02,-3.251681210555242008e-02,-4.064856776411557293e-02,2.503931407421075908e-02,-1.763693328334421662e-02,1.852305369454567557e-02,-1.460464763101474751e-02,2.685736403083559265e-02,6.312606255075684653e-03,-2.892859880442410353e-02,-2.125564393159844884e-03,8.261818609769568805e-03,-4.870818462141612848e-02
2.864565199335932302e-02,2.707554025652468555e-02,3.594199711739197445e-02,-2.651832478560162826e-02,-3.251681210555249640e-02,-4.064856776411539252e-02,2.503931407421062377e-02,-1.763693328334435539e-02,1.852305369454577966e-02,-1.460464763101493660e-02,2.685736403083585633e-02,6.312606255075712408e-03,-2.892859880442398210e-02,-2.125564393159978457e-03,8.261818609769582683e-03,-4.870818462141615623e-02
2.864565199335944445e-02,2.707554025652478269e-02,3.594199711739194669e-02,-2.651832478560196826e-02,-3.251681210555250334e-02,-4.064856776411551742e-02,2.503931407421081112e-02,-1.763693328334422356e-02,1.852305369454566863e-02,-1.460464763101460006e-02,2.685736403083564469e-02,6.312606255075604855e-03,-2.892859880442410700e-02,-2.125564393159810189e-03,8.261818609769579214e-03,-4.870818462141609378e-02
-3.216041787545179109e-01,1.759373608023566682e-01,-1.414156161687467050e-01,1.500828477928100868e-01,-3.792382632612139037e-01,-4.633944189886628900e-02,3.294837827845387146e-01,8.588766414176919606e-02,-3.749358971624184300e-01,2.438500672303867654e-03,2.079814887799211198e-01,-6.015851714845699139e-01,2.838926337824062077e-02,-7.156128350735369015e-02,-9.622597833246163135e-02,1.606248569687086444e-02
-2.667172768691892029e-02,-1.906463785333084582e-02,-1.095718369336613415e-02,7.657621582756346523e-03,8.247891151886510563e-03,1.226066207549883491e-02,1.185424596360149657e-02,7.783792340948749583e-03,-3.090873172985383194e-02,1.288676747357021812e-02,-1.603362056139564368e-02,1.505600768677097488e-02,1.832526082865382558e-02,4.071100993478203589e-03,8.843132633023868816e-02,1.567853832093038177e-02
6.324447108058225096e-03,-9.809110088563152696e-03,-3.449185443183058752e-02,1.934503515126053536e-02,1.654576375640893007e-02,2.345478441989105878e-02,-2.713899494009989338e-02,2.115922091028832677e-02,1.604182049958573567e-02,1.024545130552094799e-02,-1.442067260107544185e-02,-1.578057827648471356e-02,1.125373528034880055e-02,2.482332050992254978e-03,-9.531888078527835095e-02,4.024698847467636509e-02
6.324447108058228566e-03,-9.809110088563239432e-03,-3.449185443183055977e-02,1.934503515126060821e-02,1.654576375640898211e-02,2.345478441989123225e-02,-2.713899494009971991e-02,2.115922091028831636e-02,1.604182049958560730e-02,1.024545130552066870e-02,-1.442067260107543145e-02,-1.578057827648470662e-02,1.125373528034886994e-02,2.482332050992156099e-03,-9.531888078527817054e-02,4.024698847467647611e-02
6.324447108058271066e-03,-9.809110088563329638e-03,-3.449185443183065691e-02,1.934503515126055964e-02,1.654576375640898211e-02,2.345478441989163471e-02,-2.713899494010008073e-02,2.115922091028853494e-02,1.604182049958565934e-02,1.024545130552074676e-02,-1.442067260107508971e-02,-1.578057827648476907e-02,1.125373528034892892e-02,2.482332050992134415e-03,-9.531888078527805952e-02,4.024698847467646223e-02
6.324447108058324843e-03,-9.809110088563211677e-03,-3.449185443183074712e-02,1.934503515126069842e-02,1.654576375640921110e-02,2.345478441989141960e-02,-2.713899494010002869e-02,2.115922091028830249e-02,1.604182049958550668e-02,1.024545130552069472e-02,-1.442067260107512613e-02,-1.578057827648472744e-02,1.125373528034895668e-02,2.482332050992196431e-03,-9.531888078527803176e-02,4.024698847467648305e-02
2.647039059255070284e-02,3.598554650240394504e-02,6.568033104532111643e-02,-4.562119396265490456e-02,-5.292415446059033773e-02,-6.656991281837040808e-02,5.705559156316740432e-02,-3.314311420968676231e-02,4.309304427098968951e-03,-2.058631336249675328e-02,3.947957206609314235e-02,2.488720236424150564e-02,-3.985713543248383534e-02,-2.393962118496584853e-03,1.042678314724122396e-01,-8.534650200899733530e-02
3.279483770060894615e-02,2.617643641384037947e-02,3.118847661349020278e-02,-2.627615881139449411e-02,-3.637839070418123766e-02,-4.311512839847862766e-02,2.991659662306704950e-02,-1.198389329939811287e-02,2.035112492668446696e-02,-1.034086205697608112e-02,2.505889946501795723e-02,9.106624087756642894e-03,-2.860340015213483009e-02,8.836993249553351526e-05,8.948950687134193949e-03,-4.509951353432078286e-02
-2.667172768691897927e-02,-1.906463785333080418e-02,-1.095718369336610640e-02,7.657621582756414177e-03,8.247891151886685771e-03,1.226066207549886440e-02,1.185424596360168392e-02,7.783792340948759991e-03,-3.090873172985399153e-02,1.288676747357035343e-02,-1.603362056139558817e-02,1.505600768677107723e-02,1.832526082865405803e-02,4.071100993478099506e-03,8.843132633023870204e-02,1.567853832093053790e-02
5.946656538752782828e-02,4.524107426717125652e-02,4.214566030685628489e-02,-3.393378039415073655e-02,-4.462628185606794251e-02,-5.537579047397753196e-02,1.806235065946548701e-02,-1.976768564034681389e-02,5.125985665653837869e-02,-2.322762953054628710e-02,4.109252002641360785e-02,-5.949383599014326784e-03,-4.692866098078889853e-02,-3.982731060982513949e-03,-7.948237564310441094e-02,-6.077805185525124443e-02
-2.667172768691879886e-02,-1.906463785333077296e-02,-1.095718369336600058e-02,7.657621582756308359e-03,8.247891151886531380e-03,1.226066207549882450e-02,1.185424596360183658e-02,7.783792340948794686e-03,-3.090873172985381806e-02,1.288676747357022333e-02,-1.603362056139555347e-02,1.505600768677102866e-02,1.832526082865384293e-02,4.071100993478203589e-03,8.843132633023867428e-02,1.567853832093052402e-02
4.348509685943772671e-03,-1.758373742034295001e-02,-3.936184082625526076e-02,1.434890927673413211e-02,-1.118697641052183653e-03,9.224761027425983084e-03,9.428114432746256823e-03,3.425714656942738939e-02,-1.035206302650320924e-03,2.648935889867983645e-02,-2.152177256159621896e-02,9.416777119526101997e-03,1.592769333751492891e-02,1.102548666202759695e-02,-1.038814956742808993e-03,4.059311220263907977e-02
4.348509685943868081e-03,-1.758373742034290838e-02,-3.936184082625523994e-02,1.434890927673407660e-02,-1.118697641052400493e-03,9.224761027426035126e-03,9.428114432746322743e-03,3.425714656942714653e-02,-1.035206302650270617e-03,2.648935889867991278e-02,-2.152177256159640978e-02,9.416777119525954545e-03,1.592769333751474503e-02,1.102548666202759521e-02,-1.038814956742906137e-03,4.059311220263911446e-02
4.348509685943746650e-03,-1.758373742034307491e-02,-3.936184082625526770e-02,1.434890927673399680e-02,-1.118697641052402228e-03,9.224761027425969206e-03,9.428114432746517032e-03,3.425714656942713959e-02,-1.035206302650266280e-03,2.648935889867995094e-02,-2.152177256159670121e-02,9.416777119525914647e-03,1.592769333751465136e-02,1.102548666202751368e-02,-1.038814956742892259e-03,4.059311220263912834e-02
4.348509685943744048e-03,-1.758373742034306797e-02,-3.936184082625529546e-02,1.434890927673427782e-02,-1.118697641052230490e-03,9.224761027425892879e-03,9.428114432746366111e-03,3.425714656942752123e-02,-1.035206302650278206e-03,2.648935889867973931e-02,-2.152177256159630223e-02,9.416777119526223427e-03,1.592769333751492197e-02,1.102548666202756572e-02,-1.038814956742792946e-03,4.059311220263912140e-02
4.348509685943679863e-03,-1.758373742034312001e-02,-3.936184082625533015e-02,1.434890927673428997e-02,-1.118697641052217480e-03,9.224761027425764509e-03,9.428114432746426826e-03,3.425714656942747266e-02,-1.035206302650337404e-03,2.648935889867969420e-02,-2.152177256159632304e-02,9.416777119526133222e-03,1.592769333751506075e-02,1.102548666202753276e-02,-1.038814956742706644e-03,4.059311220263916303e-02
4.348509685943951347e-03,-1.758373742034279735e-02,-3.936184082625527464e-02,1.434890927673389792e-02,-1.118697641052216613e-03,9.224761027426083698e-03,9.428114432746272436e-03,3.425714656942729919e-02,-1.035206302650502203e-03,2.648935889867989196e-02,-2.152177256159624671e-02,9.416777119525997913e-03,1.592769333751505034e-02,1.102548666202748245e-02,-1.038814956742779502e-03,4.059311220263919773e-02
4.348509685943602668e-03,-1.758373742034329695e-02,-3.936184082625545505e-02,1.434890927673431599e-02,-1.118697641052166739e-03,9.224761027425830429e-03,9.428114432746406010e-03,3.425714656942743103e-02,-1.035206302650339139e-03,2.648935889867963522e-02,-2.152177256159632304e-02,9.416777119526159243e-03,1.592769333751477973e-02,1.102548666202752756e-02,-1.038814956742772563e-03,4.059311220263912834e-02
-4.348509685943684200e-03,1.758373742034312348e-02,3.936184082625540648e-02,-1.434890927673442527e-02,1.118697641052220082e-03,-9.224761027425955329e-03,-9.428114432746416418e-03,-3.425714656942738939e-02,1.035206302650438885e-03,-2.648935889867988849e-02,2.152177256159636121e-02,-9.416777119526306694e-03,-1.592769333751480054e-02,-1.102548666202740960e-02,1.038814956742763456e-03,-4.059311220263923936e-02
-4.348509685943510727e-03,1.758373742034310960e-02,3.936184082625527464e-02,-1.434890927673392221e-02,1.118697641052400493e-03,-9.224761027425981350e-03,-9.428114432746579482e-03,-3.425714656942703551e-02,1.035206302650156125e-03,-2.648935889867994053e-02,2.152177256159707244e-02,-9.416777119526018730e-03,-1.592769333751473115e-02,-1.102548666202753970e-02,1.038814956742813763e-03,-4.059311220263910058e-02
4.348509685943344194e-03,-1.758373742034303328e-02,-3.936184082625530239e-02,1.434890927673388925e-02,-1.118697641052435188e-03,9.224761027426049004e-03,9.428114432746645401e-03,3.425714656942718817e-02,-1.035206302650134441e-03,2.648935889867994747e-02,-2.152177256159724938e-02,9.416777119526074241e-03,1.592769333751462707e-02,1.102548666202762123e-02,-1.038814956742838483e-03,4.059311220263901732e-02
4.348509685943677261e-03,-1.758373742034317205e-02,-3.936184082625546199e-02,1.434890927673436109e-02,-1.118697641052143754e-03,9.224761027425941451e-03,9.428114432746423357e-03,3.425714656942734082e-02,-1.035206302650528223e-03,2.648935889867994053e-02,-2.152177256159630570e-02,9.416777119526310164e-03,1.592769333751463401e-02,1.102548666202746164e-02,-1.038814956742816365e-03,4.059311220263947528e-02
1.149778038169180644e-01,-1.005057624179598874e-01,5.479976460453698239e-01,2.764954758147715186e-01,-1.252545022672214015e-01,2.415662959606650617e-01,3.542357484310363486e-02,-5.826494502570120360e-02,-5.785987310744795248e-02,-1.995313165812832856e-01,-8.792946676333221467e-03,-5.617924692917501683e-02,-1.642881893833845752e-01,1.080133281117792166e-01,-6.441671223983269634e-02,4.381420975352108560e-02
1.318389841742373392e-16,1.942890293094023946e-16,1.110223024625156540e-16,1.110223024625156540e-16,-9.714451465470119729e-17,-7.285838599102589797e-17,9.714451465470119729e-17,2.775557561562891351e-17,1.231653667943533037e-16,2.914335439641035919e-16,1.387778780781445676e-17,-1.040834085586084257e-17,-4.857225732735059864e-17,1.457167719820517959e-16,1.734723475976807094e-17,-1.526556658859590243e-16
4.348509685943554963e-03,-1.758373742034315818e-02,-3.936184082625529546e-02,1.434890927673391874e-02,-1.118697641052461209e-03,9.224761027425922369e-03,9.428114432746556930e-03,3.425714656942707714e-02,-1.035206302650232453e-03,2.648935889867994053e-02,-2.152177256159688509e-02,9.416777119525975362e-03,1.592769333751466176e-02,1.102548666202764725e-02,-1.038814956742935627e-03,4.059311220263909364e-02
1.804112415015879378e-16,-2.775557561562891351e-17,6.938893903907228378e-17,8.326672684688674053e-17,-1.110223024625156540e-16,1.665334536937734811e-16,-6.938893903907228378e-17,-1.474514954580286030e-16,1.040834085586084257e-16,-6.938893903907228378e-18,1.249000902703301108e-16,-6.245004513516505540e-17,-2.428612866367529932e-17,-2.411265631607761861e-16,1.040834085586084257e-16,6.245004513516505540e-17
-3.391853305994382839e-03,-5.689869241864150412e-03,-3.812914975631555292e-02,2.299690888444588105e-02,1.877615943616158661e-02,5.164465639027659982e-02,1.484777739683044717e-01,1.040454067676984395e-01,8.674706864522248317e-02,1.546779480978555804e-02,9.842793616878930951e-02,7.136567561822027006e-02,9.892096425748753141e-02,6.293742141336110263e-02,3.796918425227108554e-03,-1.665486357650601199e-02
-3.391853305994486922e-03,-5.689869241864171229e-03,-3.812914975631553904e-02,2.299690888444585329e-02,1.877615943616164212e-02,5.164465639027658594e-02,1.484777739683044717e-01,1.040454067676985922e-01,8.674706864522237215e-02,1.546779480978563437e-02,9.842793616878930951e-02,7.136567561822038108e-02,9.892096425748753141e-02,6.293742141336096385e-02,3.796918425227065186e-03,-1.665486357650595647e-02
-3.391853305994247097e-03,-5.689869241864035920e-03,-3.812914975631549047e-02,2.299690888444575268e-02,1.877615943616152763e-02,5.164465639027682187e-02,1.484777739683047215e-01,1.040454067676988004e-01,8.674706864522258032e-02,1.546779480978566906e-02,9.842793616878937890e-02,7.136567561822038108e-02,9.892096425748755917e-02,6.293742141336082507e-02,3.796918425227065186e-03,-1.665486357650611260e-02
-3.391853305994138243e-03,-5.689869241864025512e-03,-3.812914975631549741e-02,2.299690888444587411e-02,1.877615943616154845e-02,5.164465639027676636e-02,1.484777739683048048e-01,1.040454067676988836e-01,8.674706864522248317e-02,1.546779480978562743e-02,9.842793616878921237e-02,7.136567561822038108e-02,9.892096425748748978e-02,6.293742141336071405e-02,3.796918425227155391e-03,-1.665486357650597382e-02
-3.391853305993980383e-03,-5.689869241863987348e-03,-3.812914975631550435e-02,2.299690888444606146e-02,1.877615943616161784e-02,5.164465639027700228e-02,1.484777739683048603e-01,1.040454067676988836e-01,8.674706864522248317e-02,1.546779480978559621e-02,9.842793616878937890e-02,7.136567561822045047e-02,9.892096425748761468e-02,6.293742141336061691e-02,3.796918425227252536e-03,-1.665486357650589055e-02
-3.391853305993935280e-03,-5.689869241863904081e-03,-3.812914975631535863e-02,2.299690888444607187e-02,1.877615943616170111e-02,5.164465639027701616e-02,1.484777739683049436e-01,1.040454067676988836e-01,8.674706864522245542e-02,1.546779480978563090e-02,9.842793616878932339e-02,7.136567561822047823e-02,9.892096425748769795e-02,6.293742141336050588e-02,3.796918425227190086e-03,-1.665486357650589749e-02
-3.391853305993994261e-03,-5.689869241863952654e-03,-3.812914975631530312e-02,2.299690888444595738e-02,1.877615943616155192e-02,5.164465639027703003e-02,1.484777739683048881e-01,1.040454067676990363e-01,8.674706864522234440e-02,1.546779480978564825e-02,9.842793616878936502e-02,7.136567561822063088e-02,9.892096425748753141e-02,6.293742141336061691e-02,3.796918425227217841e-03,-1.665486357650587668e-02
8.298371414499226828e-02,-1.798207685369015985e-02,-9.507041007803987420e-02,4.843319484147510720e-03,-7.723157197257221607e-02,-4.933121268725469688e-02,9.754565097711898058e-02,1.130607996789116110e-01,3.656142464276732756e-02,8.527571148076579233e-02,-3.596929131635041854e-02,5.588035665361758969e-02,6.503973045785659685e-03,4.427868651309965764e-02,1.374264154729714499e-02,7.217342174191282433e-02
-1.319846991799087654e-01,-3.702211105906910021e-02,9.413868295385971474e-02,-4.674965427401694268e-02,-3.319149041808994172e-02,-4.477648937757140735e-02,1.559729636148071696e-01,-5.350171427735891938e-02,-1.878022089177575626e-01,1.056526467219868343e-02,-6.451791841282519466e-03,1.233463438530232881e-01,2.828610219322015562e-02,6.355075769944065062e-03,7.350008284620666021e-01,-9.827380061498428021e-02
1.264889421611666356e-02,-1.961822017712630192e-02,-6.898370886366129995e-02,3.869007030252136908e-02,3.309152751281828342e-02,4.690956883978258940e-02,-5.427798988019988391e-02,4.231844182057631354e-02,3.208364099917081214e-02,2.049090261104132352e-02,-2.884134520215066166e-02,-3.156115655296943406e-02,2.250747056069782315e-02,4.964664101984496078e-03,-1.906377615705560635e-01,8.049397694935285508e-02
